ax0,ax1,ax2,ax3,ax4,ax5,ax6,ax7,ax8,ax9,ax10,ax11,ax12,ax13,ax14,ax15,ax16,ax17,ax18,ax19,ax20,ax21,ax22,ax23,ax24,ax25,ax26,ax27,ax28,ax29,ax30,ax31,ax32,ax33,ax34,ax35,ax36,ax37,ax38,ax39,ax40,ax41,ax42,ax43,ax44,ax45,ax46,ax47,ax48,ax49,ay0,ay1,ay2,ay3,ay4,ay5,ay6,ay7,ay8,ay9,ay10,ay11,ay12,ay13,ay14,ay15,ay16,ay17,ay18,ay19,ay20,ay21,ay22,ay23,ay24,ay25,ay26,ay27,ay28,ay29,ay30,ay31,ay32,ay33,ay34,ay35,ay36,ay37,ay38,ay39,ay40,ay41,ay42,ay43,ay44,ay45,ay46,ay47,ay48,ay49,az0,az1,az2,az3,az4,az5,az6,az7,az8,az9,az10,az11,az12,az13,az14,az15,az16,az17,az18,az19,az20,az21,az22,az23,az24,az25,az26,az27,az28,az29,az30,az31,az32,az33,az34,az35,az36,az37,az38,az39,az40,az41,az42,az43,az44,az45,az46,az47,az48,az49,label
0.0026,0.0597,-0.0187,-0.0547,0.0025,0.1097,0.0352,-0.1062,0.0430,-0.0709,0.0257,-0.0593,-0.0751,-0.0021,0.0017,-0.0237,0.0883,0.0066,0.0219,-0.0248,-0.1247,-0.0402,-0.0491,0.0314,-0.0315,0.0450,0.0587,-0.0290,-0.0147,-0.0861,-0.0480,-0.1413,0.0599,0.0060,-0.0029,0.0874,0.0227,-0.0144,-0.0738,0.0119,-0.0373,-0.0017,0.0102,0.0871,-0.0207,0.0353,0.0251,0.0056,-0.0511,-0.0952,-0.7775,-0.7207,-0.5654,-0.5330,-0.4531,-0.2536,-0.2144,-0.1016,0.0439,0.1710,0.2305,0.4021,0.4886,0.4888,0.6607,0.6889,0.7620,0.8095,0.8574,0.8358,0.8801,0.8583,0.9050,0.8639,0.7750,0.7948,0.6237,0.5613,0.5627,0.3495,0.2922,0.2457,0.1084,-0.0124,-0.1524,-0.2753,-0.3445,-0.5142,-0.5587,-0.6649,-0.6909,-0.6973,-0.8105,-0.8574,-0.8821,-0.9163,-0.8641,-0.8591,-0.8101,-0.7816,1.1657,1.2271,1.1676,1.2468,1.2666,1.2760,1.2844,1.2675,1.2490,1.2894,1.3012,1.2800,1.2581,1.2401,1.2263,1.1756,1.1420,1.1525,1.0402,1.0318,0.9787,0.9865,0.9307,0.9375,0.9074,0.7847,0.8356,0.8053,0.7898,0.6940,0.6645,0.6809,0.6593,0.6816,0.7134,0.7595,0.7213,0.7118,0.8043,0.7628,0.8234,0.8567,0.8931,0.9128,0.9507,0.9673,1.0406,1.0629,1.1360,1.1744,curl
0.0701,-0.0378,-0.0290,0.0091,-0.0177,-0.0324,-0.0024,0.0115,-0.0247,0.0937,-0.0106,0.0372,-0.0187,-0.0371,-0.0436,-0.0497,-0.0365,0.0512,0.0036,0.0015,0.0647,0.1786,-0.0225,0.0436,-0.0007,-0.0550,-0.0602,0.1361,-0.0164,0.0543,0.0406,-0.0375,0.0143,-0.0580,0.0124,-0.0777,0.0585,0.0446,0.0286,0.0764,-0.0105,0.1214,-0.0398,0.0051,-0.0190,0.0255,0.0476,-0.1151,-0.0164,0.0772,-0.1717,-0.0761,0.0436,0.1170,0.2856,0.3610,0.4385,0.5631,0.6624,0.6886,0.7501,0.8490,0.8858,0.9178,0.9154,0.8903,0.8842,0.8054,0.7357,0.6860,0.6305,0.5802,0.4114,0.3924,0.2946,0.2001,0.0268,0.0105,-0.1420,-0.2438,-0.3384,-0.4489,-0.5575,-0.5757,-0.7212,-0.8056,-0.8540,-0.8562,-0.8893,-0.9051,-0.9011,-0.8838,-0.8513,-0.7799,-0.7411,-0.6811,-0.6070,-0.5176,-0.4308,-0.2435,1.3089,1.3394,1.2694,1.2808,1.2992,1.2724,1.2801,1.3093,1.1640,1.1504,1.1128,1.1166,1.0619,1.0166,0.9972,0.9610,0.9518,0.8987,0.8353,0.8402,0.8434,0.7638,0.7134,0.7504,0.7330,0.7153,0.6855,0.7349,0.6991,0.6552,0.7097,0.7258,0.7486,0.7666,0.8182,0.8106,0.8576,0.9576,0.9294,0.9668,1.0749,1.0974,1.0824,1.1444,1.1491,1.2076,1.2713,1.2783,1.2530,1.2417,curl
-0.0961,-0.0141,0.0058,0.0374,-0.0649,0.0223,0.0090,0.0141,0.0449,-0.0226,0.1173,0.0275,-0.0274,-0.0101,-0.0437,0.0032,-0.0745,0.0655,0.1041,-0.0122,0.0205,-0.0396,0.0869,0.0088,0.0249,0.0240,-0.1075,-0.0010,0.0075,-0.1087,-0.0761,0.0099,0.0532,-0.0009,-0.0005,-0.0923,0.0066,-0.0202,0.0127,0.0287,-0.0132,-0.0043,0.0540,0.0105,0.0498,0.0404,0.0504,0.0145,-0.0287,-0.0253,-0.5860,-0.6741,-0.7782,-0.8628,-0.8900,-0.8671,-0.9312,-0.8645,-0.8949,-0.8598,-0.7783,-0.7294,-0.6735,-0.5695,-0.5533,-0.4153,-0.2952,-0.1814,-0.0899,0.0519,0.0942,0.2644,0.3971,0.4717,0.5370,0.5994,0.7151,0.7561,0.7384,0.8771,0.8578,0.8693,0.8519,0.8909,0.8545,0.7874,0.7288,0.6555,0.5905,0.5289,0.3845,0.2729,0.1966,0.0436,-0.0149,-0.1448,-0.2885,-0.3746,-0.5047,-0.5136,0.7831,0.8441,0.8216,0.8949,0.8940,0.9546,0.9870,0.9962,1.0620,1.1169,1.1427,1.1990,1.2863,1.2518,1.1830,1.3004,1.2956,1.3203,1.3023,1.3183,1.2544,1.2767,1.2948,1.2579,1.2441,1.1442,1.1421,1.1010,1.1149,1.1163,0.9909,1.0318,0.9681,0.9638,0.9410,0.8899,0.8188,0.8541,0.7424,0.7140,0.7620,0.6975,0.7110,0.6726,0.6834,0.6699,0.6713,0.7392,0.7472,0.7367,curl
0.0526,-0.0562,0.0109,-0.0551,0.1121,0.0093,-0.0314,0.0513,-0.0166,0.0231,0.1037,0.0116,0.0534,-0.0114,-0.0035,0.0202,0.1351,-0.0174,0.0210,-0.0097,0.0673,-0.0249,0.0255,-0.0099,0.1163,-0.0240,-0.0255,-0.0724,0.0038,0.0504,0.0200,0.0232,0.0328,-0.0159,0.0164,0.0282,0.0119,0.0223,-0.0713,-0.0521,-0.0343,0.0339,-0.0374,0.0029,0.0421,-0.0699,-0.0153,-0.0760,-0.0270,0.0714,-0.4815,-0.3433,-0.2727,-0.1273,0.0018,0.1371,0.1976,0.3548,0.3884,0.4800,0.5704,0.6894,0.7566,0.8738,0.8384,0.9079,0.9020,0.9152,0.9303,0.8900,0.8280,0.7902,0.7005,0.6042,0.5141,0.4629,0.3391,0.2496,0.1805,0.0329,-0.0938,-0.2535,-0.2904,-0.4452,-0.5179,-0.6068,-0.6581,-0.7434,-0.8231,-0.8916,-0.8712,-0.8761,-0.9253,-0.9003,-0.8600,-0.8385,-0.8018,-0.6989,-0.5441,-0.5208,1.2734,1.2578,1.2904,1.2853,1.2357,1.2832,1.3382,1.2475,1.2607,1.2635,1.2108,1.1474,1.1628,1.0957,1.1239,1.0671,1.0295,0.9743,0.9638,0.9142,0.8898,0.8621,0.8412,0.7895,0.7482,0.7394,0.7812,0.6863,0.6952,0.7046,0.7298,0.6926,0.7107,0.7441,0.7277,0.7512,0.7320,0.8112,0.8762,0.9322,0.8705,1.0014,1.0135,1.0109,1.0920,1.1175,1.1337,1.2372,1.2598,1.2450,curl
-0.0438,0.0228,0.0565,0.0196,-0.0372,-0.0144,-0.0648,-0.0441,-0.0713,-0.0404,0.0426,0.0453,-0.0344,0.0289,-0.0102,0.0786,0.0557,-0.0046,0.0511,-0.0743,-0.1456,-0.0555,0.0004,0.0342,-0.0940,0.0215,0.0756,0.0303,-0.0271,0.1119,-0.0279,0.0163,0.0318,-0.0507,0.0335,0.0183,0.1106,-0.0265,0.0085,0.0081,0.0559,-0.1204,-0.0436,0.0621,-0.0426,0.0027,-0.0319,0.0713,0.0244,0.0656,-0.1617,-0.2676,-0.3850,-0.4728,-0.5608,-0.6621,-0.7198,-0.8139,-0.7987,-0.8952,-0.8512,-0.8712,-0.8685,-0.8859,-0.8533,-0.7595,-0.7354,-0.6819,-0.6244,-0.4920,-0.4860,-0.3021,-0.2150,-0.0873,0.0647,0.1376,0.3049,0.3215,0.4770,0.5483,0.6549,0.7550,0.8143,0.8040,0.8465,0.8151,0.8803,0.8487,0.9000,0.8884,0.8398,0.6870,0.6788,0.5979,0.5080,0.3891,0.2960,0.1879,0.0608,0.0328,0.7224,0.7617,0.7774,0.7685,0.7799,0.8020,0.7920,0.8717,0.8887,0.9488,0.9256,1.0269,1.0009,1.0428,1.0882,1.1516,1.1736,1.1981,1.2241,1.2496,1.3008,1.2617,1.3195,1.3148,1.2698,1.2606,1.2378,1.3095,1.2808,1.2308,1.2273,1.1972,1.1153,1.1154,1.0407,1.0373,1.0436,0.9726,0.9497,0.8975,0.8282,0.8706,0.8498,0.7481,0.7596,0.7469,0.7305,0.6809,0.6748,0.7195,curl
0.0255,0.1268,0.1341,0.1768,0.1362,0.1932,0.1939,0.2416,0.1435,0.2442,0.1479,0.1930,0.2030,0.1663,0.1562,0.1773,0.2244,0.2123,0.1673,0.1885,0.1025,0.1731,0.0838,0.1025,0.1146,-0.0331,0.0294,-0.0673,-0.0847,0.0023,-0.0707,-0.0261,-0.0572,-0.0465,-0.1549,-0.1862,-0.1756,-0.1358,-0.1849,-0.1534,-0.1895,-0.2046,-0.2083,-0.1587,-0.1883,-0.1735,-0.1874,-0.1617,-0.1859,-0.1335,0.0390,0.1101,0.0279,-0.1924,0.0146,0.0135,0.1051,0.0804,0.0508,0.0253,0.0487,0.0057,-0.0446,-0.0352,-0.1388,0.1038,0.1106,-0.0424,0.1858,-0.0333,-0.0594,-0.0842,-0.0116,0.1181,0.0787,-0.1398,0.1581,-0.0809,-0.1558,-0.0929,0.0044,-0.0621,-0.0331,-0.0078,-0.1778,0.0260,-0.2526,-0.0222,0.1489,-0.1574,0.0172,0.0687,-0.0305,-0.1867,0.1045,-0.1398,-0.0982,-0.1600,-0.1027,-0.0836,1.3769,1.3630,1.4822,1.5264,1.4688,1.5623,1.6660,1.6272,1.6552,1.7164,1.6654,1.7199,1.6939,1.7511,1.5917,1.6869,1.5790,1.5243,1.5414,1.4648,1.4728,1.3695,1.3479,1.2491,1.2032,1.0950,1.0785,1.0235,0.9698,0.8353,0.7848,0.6690,0.6158,0.6417,0.5414,0.4868,0.4142,0.3411,0.3533,0.3235,0.3133,0.3145,0.3993,0.3409,0.2939,0.4282,0.3201,0.3622,0.4969,0.4721,squat
0.0560,0.0183,0.0836,0.0716,0.0961,0.1138,0.0845,0.1763,0.1457,0.1552,0.1881,0.2318,0.1483,0.2738,0.2054,0.2606,0.1611,0.2060,0.1332,0.2463,0.1197,0.1646,0.2471,0.1119,0.2044,0.1724,0.0067,0.1218,-0.0350,0.0412,0.1092,0.0130,-0.0194,-0.0515,-0.0300,-0.0611,-0.1483,-0.0799,-0.1479,-0.1553,-0.1422,-0.2234,-0.1326,-0.1115,-0.2472,-0.1901,-0.2235,-0.2336,-0.1733,-0.2256,0.1539,0.0534,-0.1564,0.0211,-0.1475,0.1213,-0.0760,-0.0028,-0.0234,0.0704,0.0596,-0.0655,0.0048,-0.2615,-0.1287,-0.1538,0.0665,0.1476,-0.0852,0.0327,0.2337,-0.0818,-0.0446,-0.0391,-0.1075,0.1838,-0.0978,-0.0774,-0.1750,0.0499,-0.1046,0.0723,-0.0645,0.0587,0.1285,-0.1784,-0.1028,-0.2762,-0.2369,0.0648,-0.1734,0.0824,-0.0594,-0.0954,-0.1187,-0.2342,-0.1278,-0.0091,-0.0504,0.0962,0.9490,1.1126,1.1533,1.1981,1.2944,1.3254,1.4402,1.5357,1.5235,1.5765,1.5580,1.6496,1.6268,1.6449,1.6880,1.7168,1.7640,1.7042,1.6617,1.7027,1.6544,1.5787,1.4981,1.4730,1.4237,1.4045,1.3040,1.3402,1.2337,1.1492,0.9780,0.9408,0.8936,0.8564,0.8064,0.7279,0.6630,0.6592,0.5006,0.4969,0.4894,0.4598,0.3133,0.3318,0.3262,0.2926,0.2691,0.2703,0.3921,0.3395,squat
-0.2452,-0.2582,-0.1160,-0.2642,-0.1788,-0.1734,-0.1658,-0.2126,-0.1006,-0.1476,-0.0686,-0.0979,-0.0522,-0.0274,0.0143,0.0597,-0.0093,-0.0029,0.0551,0.0663,0.0836,0.0740,0.0837,0.1549,0.1398,0.1883,0.2171,0.1751,0.2527,0.1790,0.2005,0.2300,0.1528,0.1649,0.1608,0.2113,0.1939,0.1793,0.1801,0.1548,0.1979,0.0810,0.1360,0.0439,0.0778,0.0586,0.0122,0.0251,0.0289,-0.0621,0.0371,0.0579,-0.1060,-0.0035,-0.1357,0.0758,-0.0986,-0.1581,0.0267,-0.0219,0.0172,-0.0846,0.0018,0.2211,-0.1993,0.1693,0.1472,-0.0121,0.0380,0.0027,-0.0267,-0.1660,0.1100,0.0260,0.1549,0.3322,0.1777,-0.1231,0.0355,-0.0658,0.1105,-0.0638,-0.0431,0.0157,0.0409,-0.2945,-0.0385,-0.0020,-0.0431,-0.0373,0.0551,0.0205,0.0312,-0.0603,-0.0973,0.0362,0.0400,-0.1086,0.0095,-0.0409,0.3223,0.2951,0.2464,0.4069,0.3544,0.3765,0.4180,0.5025,0.5059,0.5126,0.5915,0.6480,0.7645,0.8168,0.8260,0.9232,0.9666,1.0836,1.0830,1.1958,1.2120,1.2656,1.4417,1.4283,1.5036,1.4935,1.5805,1.5964,1.6605,1.6403,1.7101,1.6610,1.7152,1.6782,1.6078,1.6508,1.6298,1.5924,1.5487,1.5530,1.4570,1.3975,1.4072,1.2445,1.2952,1.1937,1.0728,0.9786,0.8707,0.8777,squat
0.1097,0.0583,0.1171,0.1047,0.1098,0.1562,0.1751,0.1441,0.1124,0.1974,0.1962,0.2239,0.1202,0.2390,0.2371,0.0319,0.1759,0.1597,0.1510,0.1646,0.1446,0.1265,0.0573,0.1145,0.0331,0.0916,0.0692,0.0279,0.0345,-0.1182,0.0207,-0.0521,-0.0217,-0.1105,-0.2254,-0.0829,-0.1909,-0.2059,-0.1452,-0.1242,-0.1998,-0.2296,-0.1758,-0.1901,-0.1911,-0.2062,-0.2674,-0.1240,-0.1914,-0.1899,-0.1348,-0.0268,-0.0799,0.2143,-0.0584,0.0696,0.0494,0.0096,-0.1703,-0.0131,0.0812,0.0308,0.0472,0.2300,0.0035,0.1850,-0.0018,-0.1327,-0.0867,0.0771,0.0545,0.0918,-0.2185,-0.0702,0.0884,0.1803,-0.0637,-0.0726,0.0221,0.1606,0.0476,0.0685,-0.0721,-0.0554,-0.1786,0.0841,-0.1232,0.0841,0.1187,-0.0271,-0.0721,0.0930,0.0916,-0.0369,-0.1236,0.0190,-0.0293,-0.0141,0.0432,-0.1677,1.2432,1.2746,1.3949,1.4285,1.5032,1.5575,1.6106,1.6817,1.5497,1.6489,1.6941,1.7743,1.7328,1.7065,1.7450,1.6852,1.6578,1.5815,1.6339,1.5326,1.4558,1.4720,1.3592,1.3434,1.2330,1.0881,1.1955,1.0761,1.0319,0.9819,0.9026,0.7641,0.7083,0.6985,0.5940,0.5330,0.4509,0.5450,0.3934,0.4159,0.3413,0.3652,0.2967,0.2428,0.2775,0.3343,0.2681,0.2762,0.4425,0.4423,squat
-0.1443,-0.0479,-0.0851,-0.1506,-0.1490,-0.0279,0.0478,-0.0758,0.0178,-0.0355,0.0435,0.0854,0.0895,0.1403,0.1544,0.1252,0.1869,0.1072,0.1634,0.1521,0.1327,0.1638,0.1693,0.1969,0.2188,0.1548,0.2255,0.1551,0.0863,0.1406,0.1839,0.1835,0.1014,0.0493,0.0360,0.0209,0.0597,-0.0183,0.0360,-0.0156,-0.0752,-0.0970,-0.1684,-0.0737,-0.1591,-0.1256,-0.1845,-0.1229,-0.2065,-0.1704,0.0986,0.2459,-0.0853,-0.1389,-0.0187,-0.0235,0.0042,-0.1536,-0.0541,0.1170,-0.0639,0.1439,0.0058,-0.0028,-0.2233,0.1739,-0.0289,0.0873,-0.0430,0.0532,0.1344,0.0385,-0.0475,-0.0460,-0.1006,0.0524,0.1648,0.0342,0.1537,0.0062,0.1416,0.0240,-0.0043,0.0039,-0.2154,-0.0250,0.0023,0.0186,-0.0391,-0.0641,0.0725,0.1515,0.0244,0.1194,0.0685,-0.1563,0.0391,0.2005,0.0105,0.0026,0.5555,0.5839,0.7984,0.8522,0.9129,0.8877,0.9525,1.0427,1.0494,1.2270,1.2560,1.2725,1.3289,1.4829,1.4200,1.5742,1.6159,1.5826,1.6356,1.6728,1.6052,1.6897,1.6559,1.6982,1.6571,1.7121,1.6530,1.6171,1.5439,1.5495,1.5332,1.4088,1.4036,1.2627,1.1686,1.1925,1.1268,1.0848,0.9596,0.8855,0.8307,0.7362,0.6722,0.6858,0.5197,0.5867,0.4189,0.4271,0.3579,0.3864,squat
-0.1835,-0.0492,0.0657,0.0640,0.1682,0.2944,0.4651,0.4160,0.4716,0.4928,0.5628,0.6257,0.5981,0.5970,0.5923,0.5323,0.4568,0.4318,0.4166,0.2739,0.2283,0.0976,0.0080,0.0158,-0.1019,-0.2343,-0.3223,-0.3787,-0.4314,-0.4930,-0.5923,-0.5564,-0.5875,-0.6444,-0.6113,-0.5293,-0.5370,-0.5513,-0.4609,-0.3398,-0.2214,-0.2655,-0.0791,-0.0695,0.0866,0.1761,0.2487,0.3130,0.3632,0.3692,0.0002,-0.2788,-0.0189,-0.1155,0.1395,0.0556,-0.0582,0.0557,0.0434,0.0030,0.0064,0.0612,-0.0663,0.0211,0.0655,0.0377,0.1156,-0.1354,-0.1331,0.2018,-0.0779,-0.0529,-0.0652,0.0344,-0.0273,-0.0875,0.0489,0.0319,0.1144,-0.0018,0.0957,-0.0023,0.0809,0.2380,-0.0060,-0.1122,0.0226,0.0111,-0.0925,0.0415,-0.0506,-0.0104,-0.0734,-0.0927,-0.0772,0.0096,-0.1060,0.0720,-0.0633,0.0048,0.8551,0.8873,0.8556,0.8932,0.9082,0.8372,0.8136,0.7997,0.7505,0.7005,0.6740,0.5647,0.6006,0.4429,0.4313,0.2991,0.2623,0.2066,0.1611,0.2125,0.1123,0.0798,0.1163,0.1135,0.1433,0.1346,0.1161,0.1560,0.2304,0.2644,0.2804,0.4215,0.4037,0.4495,0.5399,0.5281,0.7196,0.6777,0.7841,0.7412,0.8253,0.8467,0.8544,0.8576,0.9087,0.9766,0.8760,0.8780,0.7797,0.7283,pushup
-0.3927,-0.4735,-0.5895,-0.5656,-0.5587,-0.6963,-0.6631,-0.5605,-0.5811,-0.4436,-0.3571,-0.3198,-0.1969,-0.1535,-0.0709,0.1263,0.0884,0.2523,0.2890,0.3564,0.4459,0.4479,0.4976,0.5591,0.6564,0.5865,0.5900,0.6097,0.5690,0.5461,0.5272,0.4153,0.2481,0.2503,0.1034,0.0449,-0.0715,-0.2221,-0.2140,-0.1881,-0.3532,-0.5378,-0.4915,-0.5703,-0.5189,-0.5740,-0.6368,-0.5803,-0.4757,-0.5406,-0.0152,0.0662,0.0842,0.0638,0.1334,-0.0878,-0.0532,0.0520,-0.1041,0.3326,0.1085,-0.0393,-0.0218,0.0039,-0.1707,0.1966,-0.0046,-0.0340,0.0966,0.0352,0.0308,0.2906,0.0113,-0.1353,-0.0399,-0.0230,0.0975,0.0212,-0.1115,0.0618,0.0274,0.1378,0.0875,-0.1971,-0.0594,-0.0733,-0.3174,-0.1103,-0.0925,-0.2494,-0.0559,-0.0248,-0.0414,-0.0663,0.0301,-0.0660,-0.0074,-0.1005,0.1348,0.0060,0.2243,0.3504,0.3068,0.3824,0.4802,0.5670,0.5965,0.7316,0.6861,0.7618,0.7622,0.8336,0.9073,0.8514,0.9045,0.9137,0.8902,0.9526,0.8168,0.7931,0.7456,0.7845,0.6833,0.6528,0.5858,0.5151,0.4290,0.3670,0.3080,0.3217,0.2161,0.1906,0.2047,0.1199,0.0423,0.1434,0.0653,0.1414,0.1131,0.2916,0.2392,0.2840,0.2870,0.2302,0.3753,0.3312,0.4600,0.5512,0.6429,0.7170,pushup
-0.4946,-0.6154,-0.6204,-0.5966,-0.5842,-0.5852,-0.5018,-0.4890,-0.4145,-0.2341,-0.2520,-0.1968,-0.0703,0.0730,0.1427,0.1405,0.3041,0.4130,0.4473,0.5368,0.4641,0.5619,0.5690,0.5368,0.6010,0.6134,0.5176,0.4957,0.5470,0.3248,0.2706,0.1277,0.1275,-0.0031,-0.1215,-0.1660,-0.2079,-0.3442,-0.3927,-0.4410,-0.5402,-0.5306,-0.5463,-0.6254,-0.6597,-0.6672,-0.6149,-0.5767,-0.5586,-0.4194,0.0372,0.1013,0.1150,-0.0502,-0.0514,-0.1152,0.0866,-0.0486,0.0860,-0.0550,0.1742,0.1667,-0.0082,-0.0930,-0.0134,-0.0473,0.0832,-0.0001,0.1843,0.0700,-0.0759,0.0038,0.1915,-0.0310,-0.0294,0.0288,0.0022,0.0188,-0.0687,-0.0166,0.0830,0.0409,0.0295,0.0992,0.0530,-0.0834,0.0048,0.1150,-0.0496,0.0334,0.0683,-0.0517,-0.0481,-0.1357,-0.0014,0.0262,-0.0108,0.1403,-0.0074,-0.1009,0.3529,0.3891,0.5043,0.4768,0.5534,0.6933,0.7368,0.7743,0.8180,0.8637,0.9545,0.8955,0.8993,0.9246,0.8706,0.8967,0.8781,0.8228,0.7005,0.7150,0.6520,0.7356,0.5766,0.4286,0.4615,0.4274,0.3288,0.2569,0.2237,0.2251,0.1384,0.1506,0.1379,0.1185,0.1033,0.0776,0.1116,0.1473,0.1284,0.2119,0.2407,0.4057,0.3672,0.4224,0.5153,0.5977,0.6473,0.6447,0.7004,0.8003,pushup
-0.4253,-0.5426,-0.5444,-0.5928,-0.5900,-0.6031,-0.5694,-0.6027,-0.4839,-0.4462,-0.3685,-0.3137,-0.2028,-0.1158,-0.0870,-0.0096,0.2096,0.2270,0.2660,0.3264,0.4272,0.4876,0.5128,0.5637,0.6176,0.5466,0.6534,0.5049,0.5499,0.4471,0.4388,0.3137,0.3042,0.2184,0.0425,0.0129,-0.0957,-0.1449,-0.1765,-0.2801,-0.3062,-0.4502,-0.4454,-0.5274,-0.6070,-0.5549,-0.5344,-0.5879,-0.5440,-0.5394,0.0521,0.0609,0.0465,0.1660,0.0567,0.0051,-0.0011,0.0421,-0.0899,-0.0808,-0.1519,-0.0914,0.2177,0.0634,-0.0767,0.1399,0.0712,0.1072,0.0436,-0.1160,0.0462,-0.0419,-0.0567,0.0197,0.0485,-0.0518,-0.0786,0.0074,-0.1890,-0.0178,-0.0777,-0.1237,0.0131,0.0330,0.1823,0.0179,0.0826,-0.1914,0.0233,-0.0295,-0.1567,0.1065,0.1886,0.1812,-0.0381,0.1420,0.0549,-0.0372,-0.1033,-0.0811,0.3094,0.3286,0.3734,0.3637,0.5282,0.5465,0.5388,0.6369,0.6817,0.8092,0.8098,0.8363,0.8789,0.9418,0.8173,0.8325,0.9473,0.8534,0.9263,0.7706,0.8309,0.8344,0.6864,0.5953,0.5468,0.5098,0.4100,0.3606,0.3230,0.2551,0.2376,0.1818,0.2201,0.1415,0.1350,0.0854,0.1143,0.1586,0.0891,0.1185,0.2060,0.1644,0.3016,0.3147,0.3914,0.4544,0.5166,0.6386,0.6479,0.7421,pushup
0.5696,0.5061,0.3846,0.3844,0.2495,0.2218,0.0997,0.0427,-0.0827,-0.1616,-0.2925,-0.3996,-0.3844,-0.3775,-0.5052,-0.5207,-0.5979,-0.5864,-0.6052,-0.6396,-0.5616,-0.6140,-0.4774,-0.4056,-0.3346,-0.1982,-0.2340,-0.1717,-0.1152,0.0395,0.1315,0.2728,0.3810,0.3872,0.4509,0.4627,0.6219,0.5901,0.5932,0.5995,0.5621,0.5497,0.5498,0.4963,0.3891,0.3103,0.2750,0.1735,0.0617,-0.0341,0.1040,-0.0022,0.0115,-0.0757,0.0132,-0.1158,-0.0041,-0.0963,-0.1046,-0.0815,0.1060,-0.0900,-0.0273,-0.0656,0.0400,-0.0921,-0.0057,0.0589,0.1140,0.1445,0.1452,-0.0787,-0.0578,-0.3461,0.0849,-0.2202,-0.3537,0.0500,-0.1309,-0.0829,0.0605,0.1206,-0.1552,-0.0742,0.0501,-0.1533,0.1491,-0.1101,-0.0418,-0.0921,0.0812,0.1311,0.1093,-0.0392,0.1377,-0.1500,0.0230,-0.0960,0.1997,0.0278,0.3579,0.3063,0.2538,0.2106,0.1755,0.0659,0.1294,0.1350,0.0677,0.0566,0.1279,0.1663,0.1119,0.2762,0.3170,0.3031,0.4305,0.4443,0.5966,0.5737,0.6278,0.6159,0.8009,0.7607,0.8033,0.8635,0.7897,0.9318,0.8269,0.8624,0.8775,0.8532,0.8635,0.8478,0.7594,0.6929,0.5926,0.5641,0.5094,0.5072,0.4154,0.3444,0.3456,0.2155,0.2843,0.2242,0.2085,0.0847,0.1324,0.1591,pushup
0.0353,0.0329,-0.0158,-0.0051,0.0090,-0.0087,0.0292,-0.0160,0.0054,-0.0145,0.0032,0.0307,0.0237,-0.0021,-0.0222,0.0262,-0.0122,-0.0264,0.0085,-0.0008,0.0169,0.0122,0.0034,-0.0298,-0.0035,-0.0027,-0.0352,-0.0049,0.0193,0.0199,0.0033,0.0065,0.0212,0.0069,0.0031,-0.0161,-0.0195,0.0130,-0.0000,0.0142,0.0192,-0.0023,0.0086,0.0247,-0.0226,0.0358,0.0181,-0.0135,-0.0225,0.0023,-0.0010,0.0161,0.0284,-0.0037,-0.0362,-0.0170,0.0305,-0.0392,0.0158,0.0016,0.0232,-0.0011,-0.0176,0.0026,-0.0054,-0.0056,-0.0372,-0.0002,0.0107,0.0161,0.0045,-0.0168,0.0288,0.0070,0.0246,-0.0070,0.0350,0.0190,-0.0110,-0.0330,0.0068,-0.0183,-0.0248,-0.0062,0.0043,-0.0185,0.0039,0.0216,-0.0121,-0.0166,-0.0164,0.0383,0.0062,-0.0137,0.0176,-0.0173,0.0033,-0.0334,0.0088,0.0019,1.0510,0.9791,0.9926,0.9984,0.9989,0.9895,1.0423,0.9922,1.0224,1.0104,0.9893,1.0080,1.0125,0.9973,1.0258,1.0424,1.0237,0.9982,0.9985,1.0165,1.0023,1.0377,0.9970,1.0172,1.0138,0.9976,1.0075,0.9746,0.9624,0.9924,0.9834,0.9986,0.9923,0.9758,0.9821,0.9905,1.0211,1.0207,1.0045,0.9881,0.9861,1.0246,1.0088,0.9837,0.9973,0.9791,1.0016,0.9572,1.0006,1.0225,rest
0.0085,0.0281,0.0062,0.0165,0.0013,-0.0070,-0.0282,-0.0112,-0.0030,-0.0121,-0.0286,0.0037,-0.0130,-0.0203,-0.0141,0.0463,-0.0458,-0.0143,-0.0306,0.0089,-0.0108,0.0033,0.0032,-0.0214,-0.0494,-0.0228,-0.0275,0.0224,0.0120,0.0067,0.0049,-0.0016,0.0168,-0.0151,0.0018,-0.0061,-0.0173,-0.0208,-0.0077,-0.0495,-0.0268,0.0288,-0.0148,0.0188,-0.0061,0.0127,0.0013,0.0123,-0.0237,0.0174,-0.0142,-0.0162,-0.0060,-0.0221,0.0107,0.0162,-0.0031,-0.0176,-0.0186,0.0243,0.0148,-0.0154,-0.0208,0.0064,-0.0069,0.0285,-0.0106,-0.0083,0.0340,0.0383,-0.0244,-0.0267,-0.0115,-0.0282,-0.0055,0.0111,-0.0202,0.0192,-0.0251,-0.0027,-0.0258,0.0351,0.0065,0.0166,0.0346,0.0096,0.0369,-0.0552,-0.0308,0.0149,0.0096,0.0140,0.0161,0.0328,0.0272,-0.0219,0.0021,-0.0010,0.0044,0.0117,0.9848,0.9728,1.0166,0.9811,1.0131,1.0018,0.9992,0.9991,1.0049,0.9992,0.9961,1.0060,1.0112,1.0094,1.0114,1.0342,1.0089,1.0016,1.0121,1.0105,0.9848,0.9840,0.9787,0.9842,0.9835,1.0009,1.0176,1.0280,1.0147,1.0223,1.0314,1.0432,0.9871,1.0023,0.9907,0.9901,1.0020,0.9933,0.9667,0.9923,1.0024,0.9902,0.9783,1.0111,0.9756,0.9899,1.0154,1.0230,1.0158,0.9962,rest
-0.0166,-0.0074,-0.0324,0.0304,0.0000,-0.0113,0.0120,-0.0296,0.0403,-0.0048,-0.0059,0.0135,-0.0252,-0.0003,0.0004,0.0184,-0.0452,0.0055,-0.0038,-0.0413,-0.0009,-0.0260,-0.0019,0.0272,0.0102,0.0262,-0.0166,-0.0143,0.0092,-0.0050,-0.0386,-0.0411,-0.0017,-0.0296,-0.0348,-0.0287,-0.0048,0.0335,-0.0049,0.0115,0.0258,0.0258,-0.0165,0.0091,-0.0327,-0.0015,0.0230,0.0152,0.0179,-0.0154,0.0266,0.0169,-0.0312,0.0199,0.0338,-0.0072,-0.0167,-0.0205,0.0278,-0.0083,-0.0068,-0.0137,-0.0043,0.0054,-0.0219,-0.0108,-0.0134,0.0251,0.0091,0.0222,-0.0150,-0.0113,0.0376,-0.0231,0.0010,-0.0113,0.0149,-0.0142,-0.0250,-0.0050,0.0066,-0.0031,0.0118,-0.0019,0.0057,0.0092,-0.0366,0.0259,-0.0017,0.0207,0.0019,-0.0171,-0.0446,0.0038,0.0047,-0.0281,-0.0254,-0.0022,0.0045,-0.0208,1.0062,1.0034,0.9832,1.0206,1.0184,0.9827,0.9493,0.9922,0.9693,0.9878,1.0359,0.9900,0.9999,1.0070,1.0062,0.9805,0.9924,1.0200,1.0074,1.0166,1.0157,1.0041,1.0154,0.9889,0.9896,1.0104,0.9788,1.0155,1.0267,1.0235,0.9968,0.9850,1.0311,1.0039,0.9913,1.0012,1.0152,0.9918,0.9808,0.9938,1.0566,0.9731,0.9866,1.0020,0.9999,0.9747,0.9728,0.9930,0.9878,0.9732,rest
-0.0111,-0.0093,0.0170,0.0220,0.0378,-0.0140,-0.0386,-0.0097,-0.0069,0.0178,0.0207,0.0001,0.0284,0.0263,-0.0196,0.0209,-0.0422,0.0062,0.0050,0.0075,0.0270,-0.0124,-0.0130,-0.0148,-0.0113,0.0018,0.0152,0.0054,0.0023,0.0138,0.0195,0.0211,0.0190,0.0147,0.0208,0.0090,0.0426,-0.0032,0.0125,-0.0108,-0.0108,0.0154,-0.0018,-0.0089,-0.0103,-0.0079,-0.0203,0.0520,0.0094,0.0092,0.0523,-0.0198,0.0247,-0.0121,-0.0021,-0.0189,0.0216,0.0209,0.0027,-0.0200,0.0309,0.0388,0.0058,0.0446,0.0082,0.0054,0.0056,0.0065,-0.0162,-0.0109,0.0107,0.0259,-0.0040,0.0440,0.0123,0.0393,-0.0166,0.0243,-0.0077,0.0277,-0.0085,-0.0222,-0.0161,0.0140,0.0115,0.0004,-0.0014,-0.0080,-0.0081,-0.0287,0.0123,0.0111,-0.0307,0.0173,0.0010,0.0085,-0.0305,0.0294,0.0120,-0.0071,0.9735,0.9775,0.9522,0.9473,0.9768,1.0036,0.9926,1.0050,1.0026,1.0196,0.9924,1.0281,1.0126,0.9965,0.9947,0.9985,1.0078,0.9850,1.0363,1.0194,1.0067,0.9885,1.0150,1.0121,1.0048,1.0109,1.0096,0.9917,1.0318,1.0247,1.0238,1.0079,1.0125,0.9806,1.0401,1.0323,0.9826,0.9761,0.9960,1.0195,0.9883,1.0006,0.9938,1.0154,1.0360,0.9912,0.9741,1.0200,1.0037,0.9869,rest
0.0061,-0.0600,-0.0099,-0.0044,0.0054,-0.0038,0.0301,0.0591,-0.0039,-0.0165,0.0081,-0.0113,-0.0002,-0.0111,-0.0127,-0.0060,-0.0241,0.0086,-0.0228,0.0020,-0.0056,-0.0325,0.0299,0.0037,-0.0171,0.0174,-0.0024,0.0070,0.0440,-0.0091,-0.0018,0.0118,-0.0001,0.0164,0.0222,-0.0003,-0.0090,0.0043,0.0230,-0.0453,-0.0311,-0.0217,0.0185,0.0069,-0.0100,-0.0070,0.0197,-0.0192,0.0345,0.0184,-0.0499,-0.0048,0.0174,-0.0045,-0.0030,0.0289,0.0015,0.0362,-0.0148,-0.0082,0.0246,0.0117,0.0049,0.0112,-0.0040,0.0008,0.0072,-0.0189,0.0257,-0.0427,-0.0321,-0.0044,-0.0162,0.0126,0.0103,0.0375,-0.0286,0.0399,0.0006,0.0071,0.0431,-0.0199,0.0174,-0.0034,-0.0092,-0.0040,-0.0511,0.0094,0.0037,-0.0132,0.0112,0.0106,0.0029,0.0288,0.0030,-0.0287,0.0288,-0.0081,-0.0018,-0.0194,1.0094,0.9982,1.0204,1.0356,1.0318,0.9992,1.0087,0.9836,1.0333,0.9909,0.9829,0.9722,0.9860,0.9907,1.0281,0.9579,0.9736,1.0320,1.0189,1.0054,0.9719,0.9721,1.0401,1.0308,1.0120,0.9999,1.0016,0.9821,0.9999,1.0103,0.9781,1.0102,0.9997,0.9973,0.9791,0.9664,0.9927,0.9699,1.0179,1.0183,0.9935,1.0244,0.9974,1.0202,1.0159,1.0113,1.0131,0.9690,0.9847,1.0153,rest
